usage,phone_type
315,Android
405,iPhone
390,Android
390,Android
375,iPhone
360,Android
330,iPhone
375,iPhone
420,iPhone
210,iPhone
285,iPhone
150,Android
435,iPhone
510,iPhone
345,Android
420,iPhone
510,Android
420,Android
255,Android
525,iPhone
450,Android
435,iPhone
315,iPhone
465,iPhone
255,iPhone
360,iPhone
240,iPhone
645,iPhone
555,iPhone
585,iPhone
390,Android
270,iPhone
450,iPhone
165,Android
435,iPhone
630,iPhone
450,iPhone
255,iPhone
-15,Android
240,iPhone
165,Android
255,iPhone
420,iPhone
585,iPhone
345,iPhone
240,iPhone
390,Android
630,iPhone
480,iPhone
510,iPhone
345,iPhone
375,iPhone
465,Android
435,iPhone
390,iPhone
345,iPhone
1245,Android
465,iPhone
450,iPhone
645,iPhone
585,iPhone
285,iPhone
540,iPhone
720,iPhone
450,iPhone
300,iPhone
405,iPhone
255,Android
390,Android
450,iPhone
255,iPhone
375,Android
435,iPhone
300,iPhone
375,Android
405,iPhone
450,iPhone
405,iPhone
405,iPhone
150,Android
660,Android
375,iPhone
345,iPhone
345,Android
360,iPhone
360,iPhone
420,iPhone
345,iPhone
285,iPhone
210,Android
390,iPhone
420,iPhone
300,iPhone
165,iPhone
795,Android
315,iPhone
525,iPhone
330,iPhone
510,iPhone
450,iPhone
480,iPhone
405,iPhone
435,iPhone
240,Android
345,Android
405,iPhone
405,iPhone
1500,Android
-15,iPhone
510,iPhone
285,iPhone
450,iPhone
540,Android
360,iPhone
345,iPhone
315,iPhone
195,iPhone
360,iPhone
480,iPhone
315,Android
330,iPhone
225,Android
435,iPhone
600,iPhone
405,iPhone
300,iPhone
285,iPhone
390,iPhone
240,iPhone
225,iPhone
450,iPhone
405,Android
390,iPhone
930,iPhone
420,iPhone
255,iPhone
285,iPhone
330,iPhone
435,Android
180,Android
345,iPhone
390,iPhone
345,iPhone
390,iPhone
225,Android
195,Android
555,iPhone
195,iPhone
195,iPhone
285,iPhone
630,Android
390,iPhone
585,Android
585,Android
510,iPhone
330,Android
360,iPhone
405,iPhone
255,iPhone
300,iPhone
300,Android
825,Android
435,iPhone
435,iPhone
285,iPhone
600,Android
405,Android
315,iPhone
390,Android
1365,Android
435,iPhone
480,iPhone
525,Android
315,iPhone
405,iPhone
180,Android
450,iPhone
510,iPhone
435,iPhone
690,iPhone
345,iPhone
450,iPhone
330,iPhone
315,iPhone
690,iPhone
555,iPhone
465,iPhone
375,iPhone
345,Android
420,Android
885,iPhone
270,iPhone
435,iPhone
660,iPhone
435,iPhone