salary,uk_region,family_position
30000,"North East, England",The oldest of my siblings
28000,"South East, England (inc. London)",The oldest of my siblings
30000,"North West, England",A middle child (I had older and younger siblings)
20000,"North West, England",The oldest of my siblings
25000,"South East, England (inc. London)",The oldest of my siblings
50000,"North West, England",The youngest of my siblings
30000,"South East, England (inc. London)",The oldest of my siblings
25000,"North West, England",An only child
30000,"North East, England",A middle child (I had older and younger siblings)
25000,"South East, England (inc. London)",The youngest of my siblings
21000,"South East, England (inc. London)",The youngest of my siblings
45000,"South East, England (inc. London)",The oldest of my siblings
40000,"South East, England (inc. London)",An only child
20000,"South West, England",A middle child (I had older and younger siblings)
30000,"North West, England",The youngest of my siblings
25000,Wales,An only child
30000,Wales,The youngest of my siblings
25000,"South West, England",The youngest of my siblings
35000,"North West, England",A middle child (I had older and younger siblings)
25000,"South East, England (inc. London)",The youngest of my siblings
24000,"North East, England",The oldest of my siblings
35000,"North West, England",An only child
14400,,The oldest of my siblings
25000,"North West, England",A middle child (I had older and younger siblings)
30000,"North West, England",The youngest of my siblings
15000,"North West, England",The youngest of my siblings
25000,"North West, England",The oldest of my siblings
40000,"Midlands, England",The youngest of my siblings
26000,"North West, England",The oldest of my siblings
28000,"North West, England",The youngest of my siblings
28000,"South West, England",The youngest of my siblings
24000,"South East, England (inc. London)",The oldest of my siblings
25000,"North West, England",The oldest of my siblings
50000,"North West, England",A middle child (I had older and younger siblings)
36000,"South East, England (inc. London)",An only child
30000,"North West, England",The youngest of my siblings
40000,"North West, England",The oldest of my siblings
28000,"South East, England (inc. London)",An only child
20000,"North East, England",The oldest of my siblings
25000,"Midlands, England",The youngest of my siblings
25000,"South East, England (inc. London)",The oldest of my siblings
30000,"North West, England",A middle child (I had older and younger siblings)
45000,"North West, England",The youngest of my siblings
30000,"North East, England",A middle child (I had older and younger siblings)
32000,"North West, England",The youngest of my siblings
25000,"North West, England",The youngest of my siblings
32000,"North West, England",The oldest of my siblings
27000,"North East, England",The oldest of my siblings
30000,"North West, England",The oldest of my siblings
25000,"North West, England",An only child
22000,"North West, England",The oldest of my siblings
30000,"North West, England",The oldest of my siblings
23000,"North West, England",An only child
35000,"South East, England (inc. London)",The oldest of my siblings
35000,"Midlands, England",A middle child (I had older and younger siblings)
40000,"North West, England",The youngest of my siblings
25000,"North East, England",The youngest of my siblings
80000,"North West, England",The oldest of my siblings
35000,"Midlands, England",The oldest of my siblings
35000,"North West, England",An only child
35000,"South West, England",The oldest of my siblings
50000,"North West, England",The oldest of my siblings
25000,"South East, England (inc. London)",The oldest of my siblings
26000,"Midlands, England",The youngest of my siblings
35000,Wales,The youngest of my siblings
160000,"North East, England",An only child
35000,"South East, England (inc. London)",The youngest of my siblings
20000,"North West, England",An only child
35000,"Midlands, England",The youngest of my siblings
40000,"North East, England",The youngest of my siblings
10000,"North West, England",A middle child (I had older and younger siblings)
25000,"North West, England",The youngest of my siblings
28000,"North West, England",The youngest of my siblings
30000,Wales,The youngest of my siblings
28000,"North West, England",The oldest of my siblings
32000,"North West, England",The youngest of my siblings
30000,"North West, England",The oldest of my siblings
20000,"North West, England",An only child
25000,"South East, England (inc. London)",An only child
30000,"Midlands, England",A middle child (I had older and younger siblings)
30000,"North West, England",An only child
20000,"Midlands, England",The oldest of my siblings
30000,"North West, England",The oldest of my siblings
30000,"North West, England",The oldest of my siblings
25000,"Midlands, England",The youngest of my siblings
50000,,The oldest of my siblings
30000,"North West, England",The youngest of my siblings
32000,"North West, England",The oldest of my siblings
30000,"Midlands, England",The oldest of my siblings
30000,"North West, England",The youngest of my siblings
5000,"Midlands, England",An only child
15000,"South East, England (inc. London)",An only child
20000,"South East, England (inc. London)",A middle child (I had older and younger siblings)
400000,"North West, England",The youngest of my siblings
45000,"North West, England",The youngest of my siblings
20000,,The oldest of my siblings
25000,"North West, England",The oldest of my siblings
35000,"North West, England",The youngest of my siblings
35000,"North West, England",The oldest of my siblings
18200,"North West, England",The oldest of my siblings
30000,"North East, England",The oldest of my siblings
35000,,An only child
27000,"Midlands, England",The oldest of my siblings
22000,,The oldest of my siblings
25000,"North West, England",A middle child (I had older and younger siblings)
25000,"North West, England",A middle child (I had older and younger siblings)
40000,"Midlands, England",The youngest of my siblings
23000,"South East, England (inc. London)",The youngest of my siblings
30000,"North West, England",The oldest of my siblings
35000,"South East, England (inc. London)",The youngest of my siblings
26000,"North West, England",The oldest of my siblings
5000,,The oldest of my siblings
35000,Wales,The youngest of my siblings
35000,,The youngest of my siblings
40000,,The oldest of my siblings
30000,"North West, England",The youngest of my siblings
26500,"North West, England",The youngest of my siblings
37000,"South East, England (inc. London)",The youngest of my siblings
35000,Wales,A middle child (I had older and younger siblings)
27000,"North West, England",The youngest of my siblings
35000,"North West, England",An only child
40000,"North West, England",The oldest of my siblings
35000,"North West, England",The youngest of my siblings
30000,"North West, England",The youngest of my siblings
45000,"South East, England (inc. London)",The youngest of my siblings
50000,"North West, England",A middle child (I had older and younger siblings)
30000,"South East, England (inc. London)",The youngest of my siblings
30000,,An only child
27000,"South East, England (inc. London)",An only child
35000,,The oldest of my siblings
30000,"South East, England (inc. London)",The youngest of my siblings
25000,"North West, England",The youngest of my siblings
30000,"North West, England",The youngest of my siblings
13000,"North West, England",The youngest of my siblings
30000,"North West, England",The oldest of my siblings
25000,"North West, England",The oldest of my siblings
35000,"North West, England",A middle child (I had older and younger siblings)
28000,Wales,The youngest of my siblings
9500,"North West, England",A middle child (I had older and younger siblings)
30000,"North West, England",The youngest of my siblings
34000,"North West, England",The oldest of my siblings
27000,"North West, England",The oldest of my siblings
30000,"North East, England",The youngest of my siblings
32000,Wales,A middle child (I had older and younger siblings)
30000,"North West, England",The oldest of my siblings
25000,"South West, England",A middle child (I had older and younger siblings)
30000,"North West, England",The oldest of my siblings
28000,"North East, England",The youngest of my siblings
25000,"South East, England (inc. London)",The oldest of my siblings
30000,"Midlands, England",The youngest of my siblings
40000,"South East, England (inc. London)",The youngest of my siblings
25000,"North West, England",A middle child (I had older and younger siblings)
50000,"Midlands, England",The youngest of my siblings
35000,"Midlands, England",The youngest of my siblings
32000,"South East, England (inc. London)",The youngest of my siblings
20000,"North West, England",The youngest of my siblings
23000,"North West, England",The oldest of my siblings
5000,"Midlands, England",The oldest of my siblings
30000,"North West, England",The oldest of my siblings
35000,"North West, England",The oldest of my siblings
25000,"Midlands, England",The oldest of my siblings
32450,"North West, England",An only child
30000,"North West, England",A middle child (I had older and younger siblings)
25000,"North West, England",An only child
31000,"Midlands, England",The youngest of my siblings
20000,"North West, England",The oldest of my siblings
22000,"South East, England (inc. London)",The oldest of my siblings
35000,"Midlands, England",The oldest of my siblings
30000,"North East, England",An only child
50000,"North West, England",The oldest of my siblings
25000,"North East, England",A middle child (I had older and younger siblings)
34000,"North East, England",The oldest of my siblings
35000,"North West, England",The oldest of my siblings
60000,,The oldest of my siblings
18537,"North West, England",The oldest of my siblings
35000,"North East, England",The youngest of my siblings
30000,"South East, England (inc. London)",The youngest of my siblings
25000,"North West, England",An only child
40000,"North West, England",The youngest of my siblings
38000,"North West, England",A middle child (I had older and younger siblings)
28000,,The youngest of my siblings
25000,,An only child
25000,"South East, England (inc. London)",The oldest of my siblings
10000,,An only child
23000,"Midlands, England",The oldest of my siblings
30000,"North West, England",The youngest of my siblings
35000,"North West, England",The youngest of my siblings
20000,,The youngest of my siblings
22650,"North West, England",A middle child (I had older and younger siblings)
25000,"South East, England (inc. London)",The youngest of my siblings
,,The youngest of my siblings
,,The oldest of my siblings
25000,"North West, England",The oldest of my siblings
27000,"North West, England",The youngest of my siblings
17000,"North West, England",A middle child (I had older and younger siblings)
20000,"Midlands, England",The oldest of my siblings
20000,"South East, England (inc. London)",The oldest of my siblings