estimate,actual,accuracy,UK_region
4.5,4.25,underestimate,"North East, England"
5.75,5.75,underestimate,"South East, England (inc. London)"
17,5.5,underestimate,"North West, England"
4.75,5.5,overestimate,"North West, England"
4.5,5.25,overestimate,"South East, England (inc. London)"
7.5,5,underestimate,"North West, England"
5.25,4.5,underestimate,"South East, England (inc. London)"
6.5,5.25,underestimate,"North West, England"
6.5,6,underestimate,"North East, England"
4,2.5,underestimate,"South East, England (inc. London)"
4.5,3.75,underestimate,"South East, England (inc. London)"
2.5,1.5,underestimate,"South East, England (inc. London)"
7.5,6.25,underestimate,"South East, England (inc. London)"
7.25,7.5,overestimate,"South West, England"
6.5,4.75,underestimate,"North West, England"
5,6,overestimate,Wales
18.5,7.5,underestimate,Wales
4.5,6,overestimate,"South West, England"
4.5,3.25,underestimate,"North West, England"
9,7.75,underestimate,"South East, England (inc. London)"
11.5,6.5,underestimate,"North East, England"
5,6.25,overestimate,"North West, England"
5.25,4.25,underestimate,NA
6.75,6.75,underestimate,"North West, England"
3,3.25,overestimate,"North West, England"
9.5,5,underestimate,"North West, England"
4,3,underestimate,"North West, England"
6.75,9.75,overestimate,"Midlands, England"
7.75,8.25,overestimate,"North West, England"
8,8.75,overestimate,"North West, England"
5,5.5,overestimate,"South West, England"
5,3.5,underestimate,"South East, England (inc. London)"
5.25,6.5,overestimate,"North West, England"
3,1.75,underestimate,"North West, England"
5.5,6.25,overestimate,"South East, England (inc. London)"
10.25,9.5,underestimate,"North West, England"
8.5,6.5,underestimate,"North West, England"
4.5,3.25,underestimate,"South East, England (inc. London)"
2.5,0,underestimate,"North East, England"
2.5,3,overestimate,"Midlands, England"
1.5,1.75,overestimate,"South East, England (inc. London)"
6.75,3.25,underestimate,"North West, England"
5,6,overestimate,"North West, England"
10,8.75,underestimate,"North East, England"
6.5,4.75,underestimate,"North West, England"
2.25,3,overestimate,"North West, England"
3,5.5,overestimate,"North West, England"
7.5,9.5,overestimate,"North East, England"
5.25,7,overestimate,"North West, England"
7.5,7.5,underestimate,"North West, England"
4.25,4.75,overestimate,"North West, England"
5.5,5.25,underestimate,"North West, England"
5,6.75,overestimate,"North West, England"
7.25,6.25,underestimate,"South East, England (inc. London)"
6.5,5.5,underestimate,"Midlands, England"
4.5,4.75,overestimate,"North West, England"
20.5,19.75,underestimate,"North East, England"
9,6.75,underestimate,"North West, England"
7,6.5,underestimate,"Midlands, England"
8.75,10,overestimate,"North West, England"
7,8.75,overestimate,"South West, England"
5,3.75,underestimate,"North West, England"
6.5,8,overestimate,"South East, England (inc. London)"
9,11,overestimate,"Midlands, England"
7.5,6.5,underestimate,Wales
6.25,4,underestimate,"North East, England"
3,6,overestimate,"South East, England (inc. London)"
5,3.25,underestimate,"North West, England"
5,5.5,overestimate,"Midlands, England"
6.25,6.5,overestimate,"North East, England"
4.5,3.25,underestimate,"North West, England"
8,5.25,underestimate,"North West, England"
5,6.25,overestimate,"North West, England"
6.5,4,underestimate,Wales
4,5.25,overestimate,"North West, England"
4.5,5.75,overestimate,"North West, England"
8.5,6.5,underestimate,"North West, England"
5.5,5.75,overestimate,"North West, England"
4.5,5.75,overestimate,"South East, England (inc. London)"
1.25,1.5,overestimate,"Midlands, England"
10,10,underestimate,"North West, England"
5,5.25,overestimate,"Midlands, England"
4.25,4.75,overestimate,"North West, England"
4.5,4.75,overestimate,"North West, England"
6.5,5,underestimate,"Midlands, England"
4.5,5,overestimate,NA
5.5,6,overestimate,"North West, England"
4.5,4.75,overestimate,"North West, England"
6.5,3.75,underestimate,"Midlands, England"
4,2.5,underestimate,"North West, England"
7.5,5.5,underestimate,"Midlands, England"
9.5,6,underestimate,"South East, England (inc. London)"
5.5,4,underestimate,"South East, England (inc. London)"
4.5,2,underestimate,"North West, England"
8.5,12.25,overestimate,"North West, England"
4.25,4.25,underestimate,NA
5.5,7.75,overestimate,"North West, England"
4,4.5,overestimate,"North West, England"
7.25,7.5,overestimate,"North West, England"
7.5,6.5,underestimate,"North West, England"
7.75,7,underestimate,"North East, England"
5.5,5.75,overestimate,NA
5.5,6.25,overestimate,"Midlands, England"
3.25,3,underestimate,NA
4,5,overestimate,"North West, England"
8.5,5.75,underestimate,"North West, England"
8.25,5.75,underestimate,"Midlands, England"
20.75,24,overestimate,"South East, England (inc. London)"
4.25,0,underestimate,"North West, England"
5.5,7.5,overestimate,"South East, England (inc. London)"
9,3.75,underestimate,"North West, England"
8,6.5,underestimate,NA
11.25,8,underestimate,Wales
5.5,5,underestimate,NA
3.5,5,overestimate,NA
8,4.25,underestimate,"North West, England"
2.25,2.25,underestimate,"North West, England"
5.5,5,underestimate,"South East, England (inc. London)"
6.5,7,overestimate,Wales
4.25,4.25,underestimate,"North West, England"
7,4.5,underestimate,"North West, England"
4.5,2.75,underestimate,"North West, England"
7,6.25,underestimate,"North West, England"
10,9,underestimate,"North West, England"
5.5,5.75,overestimate,"South East, England (inc. London)"
10,4,underestimate,"North West, England"
3.75,3.75,underestimate,"South East, England (inc. London)"
3,5.5,overestimate,NA
3.5,3,underestimate,"South East, England (inc. London)"
3,2.75,underestimate,NA
5.75,6.5,overestimate,"South East, England (inc. London)"
6,5.75,underestimate,"North West, England"
5.75,5.5,underestimate,"North West, England"
18,14.5,underestimate,"North West, England"
5.5,6,overestimate,"North West, England"
5.25,3.25,underestimate,"North West, England"
4.5,3.75,underestimate,"North West, England"
5.5,4.5,underestimate,Wales
10,6.25,underestimate,"North West, England"
6.25,2,underestimate,"North West, England"
5.5,4.75,underestimate,"North West, England"
3.5,5.5,overestimate,"North West, England"
7.5,4.75,underestimate,"North East, England"
7,5.5,underestimate,Wales
3.5,2.75,underestimate,"North West, England"
3.5,2.25,underestimate,"South West, England"
7.25,8.25,overestimate,"North West, England"
3,2.25,underestimate,"North East, England"
3.5,2.25,underestimate,"South East, England (inc. London)"
7.5,4,underestimate,"Midlands, England"
6.5,9.5,overestimate,"South East, England (inc. London)"
3.5,5.5,overestimate,"North West, England"
9,8.75,underestimate,"Midlands, England"
4.5,8.75,overestimate,"Midlands, England"
6.5,7.5,overestimate,"South East, England (inc. London)"
3.5,4.5,overestimate,"North West, England"
3.5,5,overestimate,"North West, England"
4,5.75,overestimate,"Midlands, England"
5.5,3.25,underestimate,"North West, England"
6.5,4,underestimate,"North West, England"
4,4,underestimate,"Midlands, England"
12.75,12.75,underestimate,"North West, England"
5,6.25,overestimate,"North West, England"
7.25,6.25,underestimate,"North West, England"
5.25,3.75,underestimate,"Midlands, England"
10.5,9,underestimate,"North West, England"
6,5.75,underestimate,"South East, England (inc. London)"
5.5,4.25,underestimate,"Midlands, England"
7,5.5,underestimate,"North East, England"
20.25,21.75,overestimate,"North West, England"
6.5,6.25,underestimate,"North East, England"
5.5,7,overestimate,"North East, England"
10.25,7.75,underestimate,"North West, England"
5.5,4.25,underestimate,NA
5,5.75,overestimate,"North West, England"
3.5,2,underestimate,"North East, England"
10,6.5,underestimate,"South East, England (inc. London)"
10,7.5,underestimate,"North West, England"
4.25,6.25,overestimate,"North West, England"
9.25,10.5,overestimate,"North West, England"
5,4.75,underestimate,NA
7,6.5,underestimate,NA
7.25,4.5,underestimate,"South East, England (inc. London)"
7,4.25,underestimate,NA
9,10.5,overestimate,"Midlands, England"
9.5,8.25,underestimate,"North West, England"
8.5,7,underestimate,"North West, England"
3.5,5.25,overestimate,NA
6,5,underestimate,"North West, England"
5.75,6,overestimate,"South East, England (inc. London)"
NA,0,NA,NA
NA,0,NA,NA
11.5,13.75,overestimate,"North West, England"
4,3.5,underestimate,"North West, England"
5.75,6.25,overestimate,"North West, England"
6.5,10,overestimate,"Midlands, England"
10,6.25,underestimate,"South East, England (inc. London)"
