estimate,identity,female_estimate,other_estimate
825,Female,825,NA
770,Female,770,NA
660,Female,660,NA
330,Female,330,NA
1320,Female,1320,NA
990,NA,NA,NA
330,Female,330,NA
220,Female,220,NA
330,Other,NA,330
396,Other,NA,396
517,Female,517,NA
275,Female,275,NA
330,Female,330,NA
484,Female,484,NA
286,Female,286,NA
990,Other,NA,990
374,Female,374,NA
550,Female,550,NA
4400,Female,4400,NA
198,Female,198,NA
1100,Other,NA,1100
1430,Female,1430,NA
220,Female,220,NA
1760,Female,1760,NA
660,Female,660,NA
143,Female,143,NA
330,Female,330,NA
605,Female,605,NA
154,Female,154,NA
1540,Female,1540,NA
1540,Female,1540,NA
484,Female,484,NA
1210,Female,1210,NA
1584,Female,1584,NA
220,Female,220,NA
990,Female,990,NA
264,Female,264,NA
1100,Female,1100,NA
660,Other,NA,660
660,Female,660,NA
660,Female,660,NA
660,Female,660,NA
330,Female,330,NA
440,Female,440,NA
660,Female,660,NA
462,Female,462,NA
550,Female,550,NA
396,Female,396,NA
550,Female,550,NA
396,Female,396,NA
1760,Female,1760,NA
396,Female,396,NA
440,Female,440,NA
748,Female,748,NA
330,Female,330,NA
660,Female,660,NA
440,Other,NA,440
550,Female,550,NA
660,Female,660,NA
550,Female,550,NA
550,Female,550,NA
440,Female,440,NA
660,Female,660,NA
550,Female,550,NA
1100,Female,1100,NA
660,Female,660,NA
530.2,Female,530.2,NA
330,Female,330,NA
440,Female,440,NA
440,Female,440,NA
506,Female,506,NA
1100,Other,NA,1100
1100,Other,NA,1100
187,Other,NA,187
484,Other,NA,484
514.8,Female,514.8,NA
550,Other,NA,550
1650,Other,NA,1650
495,Female,495,NA
462,Female,462,NA
440,Female,440,NA
308,Female,308,NA
286,Female,286,NA
330,Female,330,NA
231,Other,NA,231
2200,Female,2200,NA
330,Female,330,NA
391.6,Female,391.6,NA
660,Other,NA,660
286,Other,NA,286
440,Female,440,NA
440,Other,NA,440
660,Female,660,NA
330,Female,330,NA
440,Other,NA,440
2200,Female,2200,NA
814,Female,814,NA
605,Female,605,NA
550,Female,550,NA
330,Female,330,NA
314.6,Female,314.6,NA
440,Female,440,NA
660,Female,660,NA
605,Female,605,NA
495,Other,NA,495
660,Female,660,NA
550,Female,550,NA
660,Other,NA,660
220,Female,220,NA
550,Female,550,NA
220,Female,220,NA
1540,Female,1540,NA
605,Female,605,NA
1100,Female,1100,NA
770,Female,770,NA
990,Female,990,NA
594,Female,594,NA
1540,Female,1540,NA
550,Female,550,NA
484,Female,484,NA
660,Female,660,NA
330,NA,NA,NA
1100,Female,1100,NA
440,Female,440,NA
330,Female,330,NA
330,Female,330,NA
1430,Female,1430,NA
880,Female,880,NA
682,Female,682,NA
990,Female,990,NA
374,Female,374,NA
770,Female,770,NA
440,Female,440,NA
418,Female,418,NA
1320,Female,1320,NA
352,Other,NA,352
880,Female,880,NA
1100,Female,1100,NA
990,Female,990,NA
352,Female,352,NA
202.4,Female,202.4,NA
660,NA,NA,NA
550,Female,550,NA
660,Female,660,NA
330,Other,NA,330
770,Other,NA,770
1390.4,Other,NA,1390.4
1320,Female,1320,NA
176,Female,176,NA
1430,Other,NA,1430
660,Other,NA,660
418,Other,NA,418
462,Female,462,NA
990,Other,NA,990
770,Female,770,NA
880,Other,NA,880
385,Other,NA,385
275,Female,275,NA
418,Female,418,NA
415.8,Female,415.8,NA
330,Female,330,NA
1430,Female,1430,NA
345.4,Female,345.4,NA
1320,Female,1320,NA
1100,Female,1100,NA
264,Other,NA,264
275,Other,NA,275
660,Female,660,NA
660,Female,660,NA